{
  "GlobalConfiguration": {
    "BaseUrl": "http://localhost:22469"
  },
  "Routes": [
    {
      "UpstreamPathTemplate": "/AdminLogin",
      "UpstreamHttpMethod": [ "Post" ],
      "DownstreamPathTemplate": "/api/Admin/AdminLogin",
      "DownstreamScheme": "http",
      "DownstreamHostAndPorts": [
        {
          "Host": "localhost",
          "Port": 10978
        }
      ]
    },
    {
      "UpstreamPathTemplate": "/GetList",
      "UpstreamHttpMethod": [ "Get" ],
      "DownstreamPathTemplate": "/api/Admin/GetList",
      "DownstreamScheme": "http",
      "DownstreamHostAndPorts": [
        {
          "Host": "localhost",
          "Port": 10978
        }
      ]
    },
    {
      "UpstreamPathTemplate": "/GetById/{id}",
      "UpstreamHttpMethod": [ "Get" ],
      "DownstreamPathTemplate": "/api/Admin/GetById/{id}",
      "DownstreamScheme": "http",
      "DownstreamHostAndPorts": [
        {
          "Host": "localhost",
          "Port": 10978
        }
      ]
    },

    {
      "UpstreamPathTemplate": "/AddCustomer",
      "UpstreamHttpMethod": [ "Post" ],
      "DownstreamPathTemplate": "/api/Admin/AddCustomer",
      "DownstreamScheme": "http",
      "DownstreamHostAndPorts": [
        {
          "Host": "localhost",
          "Port": 10978
        }
      ]
    },
    {
      "UpstreamPathTemplate": "/EditCustomer/{id}",
      "UpstreamHttpMethod": [ "Put" ],
      "DownstreamPathTemplate": "/api/Admin/EditCustomer/{id}",
      "DownstreamScheme": "http",
      "DownstreamHostAndPorts": [
        {
          "Host": "localhost",
          "Port": 10978
        }
      ]
    },
    {
      "UpstreamPathTemplate": "/DeleteCustomer/{id}",
      "UpstreamHttpMethod": [ "Delete" ],
      "DownstreamPathTemplate": "/api/Admin/DeleteCustomer/{id}",
      "DownstreamScheme": "http",
      "DownstreamHostAndPorts": [
        {
          "Host": "localhost",
          "Port": 10978
        }
      ]
    }
   
  ]
}
